id,expected
0,0.39576207584166445
1,0.25871085163010377
2,0.3931240801547773
3,0.579417435914765
4,0.6932238046607695
5,0.34022735659213876
6,0.2539641053541606
7,0.23862282248215516
8,0.6058792589717306
9,0.3915941322386145
10,0.5147541434233736
11,0.29122761134441144
12,0.25404624922329777
13,0.35889594381001977
14,0.3452646256939079
15,0.7336810161725955
16,0.4532222269828644
17,0.44989589889064496
18,0.25256475589029215
19,0.3854305999387937
